RPM,예시_운전석바닥_진동_1차,예시_운전자귀_소음_1차,예시_핸들_진동_1차,예시_운전석바닥_진동_2차,예시_운전자귀_소음_2차,예시_핸들_진동_2차,예시_운전석바닥_진동_4차,예시_운전자귀_소음_4차,예시_핸들_진동_4차
800,2.54655,6.47659,1.61826,2.39392,5.38121,1.34583,0.521892,3.16649,0.522043
1000,2.91535,7.21595,1.83546,3.67015,5.67787,1.78636,0.152551,1.71726,1.06039
1200,3.38261,8.31938,2.04539,0.396961,2.06128,0.207687,0.441263,0.761253,1.15085
1400,4.17635,9.90575,2.37,0.646497,4.23385,0.278534,1.55479,1.48992,2.35435
1600,5.79252,12.7255,3.16455,1.49661,9.17718,1.43575,0.925819,1.4224,0.761276
1800,9.97033,19.6095,5.08739,1.61384,12.4286,4.15739,0.576662,1.52674,0.361675
2000,8.95287,13.8653,4.31448,0.454902,5.02313,3.05634,0.557895,2.28079,1.02956
2200,2.88158,3.94406,1.36593,0.737644,2.95539,2.98567,0.591822,3.15303,2.20138
2400,0.987851,5.19762,0.514389,1.32607,2.2542,3.53174,0.251963,1.31419,1.36304
2600,0.947746,7.6062,0.35369,2.47854,2.61251,4.86705,0.164795,0.553159,0.969344
2800,1.65261,10.8794,0.69037,4.64809,4.57613,7.17715,0.170077,0.326046,0.830472
3000,2.51274,15.5123,1.61554,4.47601,5.47615,5.32241,0.215515,0.566615,0.834953
