Frequency [Hz],예시_운전석바닥_진동 Mag,예시_운전석바닥_진동 Phase,예시_운전자귀_소음 Mag,예시_운전자귀_소음 Phase,예시_핸들_진동 Mag,예시_핸들_진동 Phase
0,0.024,0,0.063,0,0.016,0
1,0.0240137,-0.150748,0.063028,-0.128483,0.0160051,-0.097282
2,0.0240548,-0.302339,0.0631123,-0.257615,0.0160206,-0.195194
3,0.0241239,-0.455635,0.0632535,-0.388057,0.0160466,-0.294384
4,0.0242216,-0.611537,0.0634532,-0.5205,0.0160834,-0.395537
5,0.024349,-0.771006,0.063713,-0.65568,0.0161315,-0.499396
6,0.0245074,-0.935089,0.0640355,-0.794396,0.0161915,-0.606788
7,0.0246987,-1.104944,0.0644238,-0.937532,0.0162641,-0.718647
8,0.0249249,-1.281881,0.0648821,-1.086082,0.0163504,-0.836056
9,0.025189,-1.467398,0.065415,-1.241185,0.0164515,-0.960281
10,0.0254941,-1.663235,0.0660287,-1.40416,0.0165689,-1.092832
11,0.0258444,-1.871446,0.0667303,-1.576565,0.0167044,-1.235529
12,0.0262448,-2.094482,0.0675286,-1.760259,0.0168604,-1.390593
13,0.0267015,-2.33531,0.0684343,-1.957499,0.0170395,-1.560764
14,0.0272219,-2.597564,0.0694606,-2.171055,0.0172452,-1.749464
15,0.0278152,-2.885757,0.0706236,-2.404384,0.0174816,-1.961016
16,0.0284931,-3.205567,0.0719433,-2.66186,0.0177543,-2.200939
17,0.0292701,-3.564245,0.0734446,-2.949104,0.0180699,-2.476378
18,0.0301648,-3.971189,0.0751595,-3.273466,0.0184371,-2.796703
19,0.031201,-4.438785,0.0771286,-3.64473,0.0188673,-3.174391
20,0.0324104,-4.98367,0.0794053,-4.076182,0.0193753,-3.626337
21,0.033835,-5.62865,0.0820602,-4.586279,0.0199812,-4.17585
22,0.0355322,-6.405738,0.085189,-5.201295,0.0207124,-4.855802
23,0.0375822,-7.361096,0.0889244,-5.95973,0.0216072,-5.713726
24,0.0400998,-8.563407,0.0934546,-6.919852,0.0227209,-6.820421
25,0.0432545,-10.118668,0.0990545,-8.173261,0.0241349,-8.285082
26,0.0473041,-12.197676,0.106136,-9.870433,0.025973,-10.283289
27,0.0526524,-15.089955,0.115328,-12.271529,0.0284287,-13.111689
28,0.0599391,-19.31551,0.127593,-15.852983,0.0318067,-17.300896
29,0.0701225,-25.864441,0.144244,-21.538204,0.0365561,-23.856879
30,0.0841199,-36.671693,0.165991,-31.156349,0.0430759,-34.738487
31,0.0995617,-54.965,0.186691,-47.760269,0.0500918,-53.209813
32,0.102008,-81.719495,0.179574,-72.022305,0.0504656,-80.302013
33,0.0815382,-107.45651,0.132764,-93.913833,0.0397306,-106.62408
34,0.0573212,-123.805558,0.0850166,-104.030846,0.0275874,-123.945201
35,0.0398077,-132.353174,0.0536369,-102.093301,0.0190093,-134.079207
36,0.0280758,-135.983376,0.0363053,-88.706568,0.0133943,-140.288847
37,0.0200415,-136.064801,0.0297052,-67.161133,0.00964698,-144.5895
38,0.0143667,-132.749625,0.030309,-47.279794,0.00706631,-148.258797
39,0.0103266,-125.17962,0.034235,-34.344986,0.00525066,-152.375009
40,0.00760653,-111.637389,0.0392429,-26.795057,0.0039749,-158.13555
41,0.00617076,-91.3239,0.0445256,-22.398844,0.00312431,-166.878708
42,0.0059902,-68.786341,0.0498804,-19.826561,0.00266054,-179.28788
43,0.00672075,-51.075511,0.0553174,-18.375054,0.00258056,166.361196
44,0.00791751,-39.647509,0.0609244,-17.671269,0.00285954,153.801255
45,0.0093192,-32.650562,0.0668248,-17.514981,0.00344602,145.099104
46,0.0108226,-28.398269,0.0731677,-17.802401,0.0043086,139.788393
47,0.0124022,-25.889612,0.0801316,-18.489422,0.00545666,136.631305
48,0.0140682,-24.581924,0.0879348,-19.574842,0.00693609,134.594995
49,0.01585,-24.197236,0.0968506,-21.094882,0.00882531,132.976517
50,0.0177911,-24.619481,0.107228,-23.125659,0.0112387,131.300712
51,0.0199468,-25.849068,0.119514,-25.793133,0.0143371,129.209905
52,0.0223824,-27.99176,0.134268,-29.29177,0.0183424,126.377616
53,0.025162,-31.27069,0.152132,-33.913501,0.0235515,122.43834
54,0.0283131,-36.052018,0.173649,-40.083865,0.0303229,116.926994
55,0.0317253,-42.854626,0.198654,-48.37909,0.0389597,109.247561
56,0.0349276,-52.242448,0.224775,-59.424566,0.0493118,98.766264
57,0.0368298,-64.379103,0.245297,-73.455728,0.0599771,85.245813
58,0.0360511,-78.218572,0.250352,-89.516177,0.067995,69.644444
59,0.0323257,-91.376282,0.235928,-105.338647,0.070958,54.233313
60,0.0270466,-101.621873,0.209222,-118.851466,0.0694871,41.089103
61,0.0217862,-108.09062,0.180162,-129.408648,0.0659047,30.863409
62,0.0172998,-110.862373,0.154137,-137.391563,0.0619557,23.180813
63,0.0137375,-110.178227,0.132526,-143.442596,0.0584043,17.405109
64,0.0110348,-106.117723,0.115014,-148.116859,0.0554585,12.987573
65,0.0091041,-98.697618,0.100855,-151.82042,0.0531068,9.528766
66,0.00788293,-88.305329,0.0893336,-154.836857,0.051274,6.752065
67,0.00731033,-76.198884,0.0798674,-157.363991,0.0498779,4.467004
68,0.00728586,-64.297143,0.0720124,-159.542445,0.0488471,2.540826
69,0.00766998,-54.121878,0.0654344,-161.475105,0.0481249,0.879128
70,0.00832709,-46.176614,0.0598827,-163.239902,0.0476672,-0.586831
71,0.00915771,-40.254485,0.0551683,-164.898198,0.0474412,-1.908425
72,0.0101011,-35.927828,0.0511478,-166.500336,0.047423,-3.125161
73,0.0111247,-32.79751,0.0477121,-168.089362,0.0475957,-4.268384
74,0.0122139,-30.557637,0.0447774,-169.703557,0.0479484,-5.363856
75,0.013365,-28.989971,0.0422802,-171.378149,0.0484751,-6.433606
76,0.0145811,-27.943045,0.0401722,-173.14646,0.0491744,-7.497312
77,0.0158698,-27.313112,0.0384184,-175.040607,0.0500487,-8.573403
78,0.0172428,-27.030183,0.0369941,-177.091887,0.0511043,-9.679981
79,0.0187145,-27.04855,0.0358846,-179.330894,0.0523514,-10.835688
80,0.0203028,-27.340613,0.0350836,178.212545,0.0538043,-12.060556
81,0.0220291,-27.893042,0.0345934,175.509497,0.0554815,-13.376934
82,0.0239187,-28.704569,0.0344251,172.53198,0.057406,-14.810562
83,0.0260018,-29.785012,0.0345986,169.252719,0.0596059,-16.391852
84,0.0283136,-31.15528,0.0351437,165.644337,0.0621143,-18.15748
85,0.0308956,-32.848236,0.0361004,161.677678,0.0649689,-20.152371
86,0.0337949,-34.910351,0.0375201,157.318996,0.0682107,-22.43216
87,0.0370638,-37.404071,0.0394651,152.525925,0.0718803,-25.066135
88,0.0407557,-40.410639,0.0420064,147.242426,0.0760101,-28.140471
89,0.0449165,-44.032654,0.0452177,141.393642,0.0806087,-31.761089
90,0.0495665,-48.394607,0.0491593,134.882683,0.0856327,-36.054397
91,0.0546665,-53.6376,0.0538472,127.593513,0.0909384,-41.162139
92,0.0600633,-59.901294,0.0591982,119.407177,0.0962121,-47.223424
93,0.0654201,-67.283459,0.0649523,110.241168,0.100895,-54.334299
94,0.0701715,-75.771686,0.0706043,100.117367,0.104166,-62.479444
95,0.0735879,-85.164574,0.0754301,89.24114,0.105092,-71.453292
96,0.0750222,-95.039543,0.0786984,78.034252,0.103009,-80.827731
97,0.0742374,-104.832381,0.0800046,67.05626,0.0979209,-90.031487
98,0.0715401,-114.011463,0.0794641,56.831308,0.0905613,-98.524116
99,0.0675855,-122.229009,0.0775849,47.697814,0.0820133,-105.946974
100,0.0630555,-129.357854,0.0749745,39.772512,0.0732513,-112.159604
101,0.0584592,-135.434626,0.0721256,33.007926,0.0649162,-117.182428
102,0.0540967,-140.580266,0.0693544,27.272339,0.0573263,-121.116667
103,0.0501082,-144.941161,0.0668287,22.409004,0.0505805,-124.084713
104,0.046536,-148.657641,0.0646194,18.26787,0.0446585,-126.197709
105,0.0433706,-151.851501,0.0627418,14.718201,0.0394875,-127.541963
106,0.0405788,-154.623525,0.0611835,11.651101,0.0349794,-128.175223
107,0.0381201,-157.055285,0.0599205,8.977737,0.0310491,-128.127171
108,0.0359533,-159.212258,0.0589252,6.626194,0.0276226,-127.401426
109,0.034041,-161.147009,0.0581712,4.538254,0.0246395,-125.978341
110,0.0323498,-162.901946,0.0576343,2.666584,0.0220533,-123.819133
111,0.0308513,-164.511578,0.0572941,0.972414,0.0198315,-120.873023
112,0.0295212,-166.004296,0.0571333,-0.576296,0.0179538,-117.090024
113,0.0283389,-167.40376,0.0571379,-2.006315,0.0164112,-112.442266
114,0.0272873,-168.729986,0.0572969,-3.340277,0.0152026,-106.95463
115,0.0263518,-170.000187,0.0576017,-4.597575,0.0143317,-100.738736
116,0.0255205,-171.229444,0.0580462,-5.79508,0.0138004,-94.013685
117,0.024783,-172.431234,0.0586264,-6.947714,0.0136037,-87.091699
118,0.024131,-173.617865,0.0593402,-8.068917,0.0137256,-80.321102
119,0.0235575,-174.800839,0.0601872,-9.171046,0.0141404,-74.009842
120,0.0230567,-175.991159,0.0611688,-10.26571,0.0148159,-68.369445
121,0.0226238,-177.199605,0.062288,-11.36407,0.0157199,-63.501696
122,0.0222551,-178.436986,0.0635493,-12.477115,0.0168241,-59.419686
123,0.0219476,-179.714384,0.0649589,-13.61592,0.0181064,-56.081276
124,0.021699,178.956606,0.0665244,-14.791905,0.0195521,-53.418642
125,0.0215078,177.56362,0.0682552,-16.017103,0.021153,-51.358163
126,0.0213729,176.093263,0.0701621,-17.304435,0.0229069,-49.831461
127,0.0212939,174.530812,0.0722575,-18.668019,0.0248167,-48.780438
128,0.0212707,172.859892,0.0745552,-20.123495,0.0268895,-48.158894
129,0.0213035,171.062117,0.0770701,-21.688401,0.0291363,-47.932466
130,0.0213929,169.116694,0.079818,-23.382574,0.031571,-48.077897
131,0.0215394,166.999987,0.0828143,-25.228588,0.0342103,-48.582154
132,0.0217432,164.685083,0.0860733,-27.252201,0.0370724,-49.441612
133,0.0220038,162.141374,0.0896057,-29.482774,0.0401758,-50.661369
134,0.0223195,159.334254,0.0934155,-31.953581,0.0435379,-52.254621
135,0.0226863,156.225066,0.0974951,-34.701875,0.0471714,-54.241958
136,0.0230968,152.771532,0.101819,-37.768458,0.0510803,-56.65032
137,0.0235386,148.929017,0.106332,-41.19643,0.055253,-59.511239
138,0.023992,144.653143,0.110941,-45.028577,0.0596537,-62.857828
139,0.0244284,139.904361,0.115499,-49.302817,0.0642108,-66.719903
140,0.0248085,134.654997,0.119793,-54.045158,0.068806,-71.11668
141,0.0250825,128.898832,0.123543,-59.260133,0.0732654,-76.047002
142,0.0251939,122.662059,0.126417,-64.919852,0.0773625,-81.478224
143,0.0250873,116.012634,0.12807,-70.954663,0.0808377,-87.336736
144,0.0247208,109.063409,0.128213,-77.250039,0.0834397,-93.504742
145,0.0240783,101.964658,0.126689,-83.654055,0.0849803,-99.827649
146,0.0231771,94.88528,0.123525,-89.996209,0.0853821,-106.132815
147,0.0220651,87.987614,0.11893,-96.112608,0.0846963,-112.254683
148,0.0208099,81.404645,0.113246,-101.868783,0.0830826,-118.057546
149,0.0194831,75.226873,0.106863,-107.172823,0.0807625,-123.448655
150,0.0181483,69.50079,0.100147,-111.976908,0.0779694,-128.379715
151,0.0168541,64.235892,0.0933954,-116.270297,0.0749111,-132.839871
152,0.0156327,59.415361,0.0868212,-120.068642,0.071753,-136.844997
153,0.0145024,55.006551,0.0805608,-123.403498,0.068614,-140.427213
154,0.0134706,50.969289,0.0746893,-126.314003,0.0655734,-143.62656
155,0.0125379,47.261577,0.0692378,-128.841152,0.0626789,-146.485287
156,0.0117003,43.843054,0.0642085,-131.024304,0.0599557,-149.044372
157,0.0109512,40.676822,0.0595859,-132.899313,0.0574137,-151.341669
158,0.0102832,37.730213,0.0553448,-134.497705,0.0550528,-153.411123
159,0.00968871,34.974906,0.0514556,-135.846494,0.0528671,-155.282609
160,0.00916013,32.38671,0.0478877,-136.968325,0.0508471,-156.982127
161,0.00869056,29.945162,0.044611,-137.881781,0.048982,-158.532154
162,0.00827366,27.633076,0.0415972,-138.601732,0.04726,-159.952058
163,0.00790377,25.436085,0.0388205,-139.139678,0.0456699,-161.25851
164,0.00757584,23.342212,0.0362576,-139.504048,0.0442006,-162.465864
165,0.00728543,21.341477,0.0338875,-139.700452,0.0428421,-163.586506
166,0.00702862,19.425561,0.0316919,-139.731864,0.0415848,-164.631146
167,0.00680198,17.587501,0.0296545,-139.598767,0.0404203,-165.609076
168,0.0066025,15.821441,0.0277611,-139.299232,0.0393408,-166.528388
169,0.00642754,14.122408,0.0259994,-138.828971,0.0383393,-167.396154
170,0.00627479,12.486132,0.0243587,-138.181347,0.0374094,-168.218587
171,0.00614223,10.908892,0.0228302,-137.347379,0.0365456,-169.001165
172,0.00602809,9.387387,0.0214061,-136.315754,0.0357427,-169.748746
173,0.0059308,7.918633,0.0200805,-135.072878,0.0349963,-170.465658
174,0.00584903,6.499879,0.0188483,-133.603021,0.0343021,-171.155781
175,0.00578156,5.12854,0.0177061,-131.888618,0.0336566,-171.822608
176,0.00572736,3.802141,0.0166514,-129.910818,0.0330565,-172.46931
177,0.00568552,2.518278,0.0156831,-127.650402,0.0324989,-173.098779
178,0.00565525,1.27459,0.0148011,-125.089204,0.0319811,-173.713673
179,0.00563586,0.068729,0.0140065,-122.212166,0.0315007,-174.31645
180,0.00562677,-1.101651,0.0133015,-119.010106,0.0310558,-174.909403
181,0.00562745,-2.238908,0.0126889,-115.483138,0.0306443,-175.494688
182,0.00563749,-3.34542,0.0121721,-111.644429,0.0302647,-176.074345
183,0.00565652,-4.42359,0.0117546,-107.523637,0.0299155,-176.650326
184,0.00568425,-5.47585,0.0114397,-103.169047,0.0295952,-177.22451
185,0.00572043,-6.504663,0.0112296,-98.647283,0.0293028,-177.798727
186,0.00576489,-7.512527,0.0111253,-94.039845,0.0290372,-178.37477
187,0.0058175,-8.501975,0.0111261,-89.436544,0.0287976,-178.954415
188,0.00587818,-9.475582,0.0112294,-84.927019,0.0285831,-179.539436
189,0.00594689,-10.435963,0.011431,-80.592295,0.0283932,179.868379
190,0.00602364,-11.385784,0.0117256,-76.498319,0.0282272,179.267217
191,0.00610849,-12.327762,0.012107,-72.692611,0.0280847,178.655218
192,0.00620154,-13.26468,0.0125688,-69.204087,0.0279654,178.030465
193,0.00630293,-14.199388,0.013105,-66.045254,0.027869,177.390966
194,0.00641284,-15.134822,0.01371,-63.215673,0.0277953,176.734636
195,0.00653149,-16.07401,0.0143789,-60.705703,0.0277443,176.059281
196,0.00665916,-17.020091,0.0151079,-58.499891,0.027716,175.36258
197,0.00679616,-17.976333,0.015894,-56.5797,0.0277103,174.642061
198,0.00694284,-18.946148,0.016735,-54.925528,0.0277274,173.895084
199,0.00709959,-19.93312,0.0176295,-53.51808,0.0277676,173.118812
200,0.00726687,-20.941022,0.0185771,-52.339253,0.0278311,172.310189
201,0.00744516,-21.973852,0.0195779,-51.372639,0.0279182,171.465911
202,0.00763499,-23.035855,0.0206326,-50.603785,0.0280294,170.582393
203,0.00783694,-24.131564,0.0217426,-50.020281,0.0281649,169.655739
204,0.00805163,-25.265828,0.0229096,-49.611754,0.0283253,168.681703
205,0.0082797,-26.443858,0.024136,-49.369805,0.0285109,167.655653
206,0.00852184,-27.671266,0.0254244,-49.287917,0.0287223,166.572526
207,0.00877875,-28.954106,0.0267777,-49.361357,0.0289597,165.426791
208,0.00905115,-30.298921,0.0281991,-49.587081,0.0292234,164.2124
209,0.00933974,-31.712789,0.0296921,-49.963642,0.0295136,162.922747
210,0.00964518,-33.203355,0.03126,-50.491108,0.0298302,161.550632
211,0.00996805,-34.778875,0.032906,-51.170981,0.0301728,160.088223
212,0.0103088,-36.448228,0.0346331,-52.006125,0.0305406,158.52704
213,0.0106678,-38.220922,0.0364437,-53.000673,0.0309322,156.857954
214,0.0110449,-40.107067,0.0383392,-54.159925,0.0313457,155.071213
215,0.01144,-42.117303,0.0403195,-55.490214,0.0317781,153.156515
216,0.011852,-44.262672,0.0423828,-56.998711,0.0322251,151.103138
217,0.0122795,-46.554408,0.0445246,-58.693168,0.0326813,148.900149
218,0.0127203,-49.003626,0.0467371,-60.581561,0.0331393,146.536721
219,0.0131709,-51.620875,0.049008,-62.671604,0.0335898,144.002574
220,0.0136267,-54.415544,0.0513199,-64.970119,0.0340211,141.288573
221,0.0140819,-57.395094,0.0536491,-67.482242,0.0344192,138.3875
222,0.0145289,-60.564121,0.0559653,-70.210455,0.0347674,135.294985
223,0.0149585,-63.923288,0.0582304,-73.153499,0.0350469,132.01058
224,0.0153603,-67.468195,0.0603999,-76.305218,0.0352373,128.538891
225,0.0157226,-71.188315,0.0624234,-79.653488,0.0353175,124.890637
226,0.0160333,-75.066194,0.0642473,-83.179387,0.0352675,121.083456
227,0.0162809,-79.077104,0.0658182,-86.856847,0.03507,117.142248
228,0.0164551,-83.189363,0.0670874,-90.652957,0.0347125,113.098858
229,0.0165482,-87.365443,0.0680159,-94.529055,0.034189,108.990974
230,0.0165558,-91.563821,0.0685778,-98.44258,0.033501,104.860263
231,0.0164776,-95.741412,0.0687639,-102.349485,0.0326585,100.749954
232,0.0163171,-99.856223,0.0685821,-106.206896,0.0316783,96.702172
233,0.0160814,-103.869853,0.0680562,-109.975591,0.0305831,92.755447
234,0.0157803,-107.749462,0.0672225,-113.621974,0.029399,88.942741
235,0.0154252,-111.469009,0.0661258,-117.119304,0.0281533,85.290211
236,0.0150281,-115.009703,0.064815,-120.448141,0.0268722,81.816759
237,0.0146007,-118.359761,0.0633392,-123.596097,0.0255797,78.534277
238,0.0141536,-121.513661,0.0617442,-126.557092,0.0242959,75.448387
239,0.0136963,-124.471118,0.0600712,-129.330317,0.0230373,72.559474
240,0.0132364,-127.235949,0.0583551,-131.919105,0.0218163,69.863815
241,0.0127803,-129.814987,0.0566249,-134.329835,0.0206421,67.354669
242,0.0123326,-132.217119,0.0549035,-136.570972,0.0195204,65.023239
243,0.011897,-134.452485,0.0532084,-138.652262,0.0184548,62.859469
244,0.0114758,-136.531858,0.0515526,-140.584108,0.0174466,60.85267
245,0.0110707,-138.466167,0.0499455,-142.377094,0.016496,58.991994
246,0.0106827,-140.266169,0.0483931,-144.041655,0.0156016,57.266763
247,0.010312,-141.942218,0.0468992,-145.587841,0.0147617,55.666699
248,0.00995877,-143.504128,0.0454656,-147.025181,0.013974,54.182066
249,0.00962268,-144.961086,0.044093,-148.362597,0.0132356,52.80375
250,0.00930326,-146.321621,0.0427806,-149.608367,0.0125438,51.523294
251,0.00899991,-147.5936,0.0415273,-150.770122,0.0118958,50.332904
252,0.00871193,-148.784245,0.0403311,-151.854863,0.0112887,49.22543
253,0.00843859,-149.900161,0.0391901,-152.868985,0.0107197,48.194336
254,0.00817912,-150.947376,0.0381018,-153.818321,0.0101863,47.233666
255,0.00793277,-151.931381,0.0370637,-154.708176,0.00968587,46.337997
256,0.00769878,-152.857174,0.0360734,-155.543375,0.00921616,45.502401
257,0.00747643,-153.729303,0.0351283,-156.328298,0.00877497,44.722401
258,0.00726502,-154.551903,0.0342261,-157.066926,0.00836026,43.993931
259,0.00706391,-155.328736,0.0333644,-157.762874,0.00797014,43.313299
260,0.00687245,-156.063228,0.032541,-158.419428,0.00760285,42.677151
261,0.00669006,-156.758497,0.0317536,-159.039575,0.00725679,42.082439
262,0.00651619,-157.417387,0.0310003,-159.626034,0.00693046,41.52639
263,0.00635031,-158.042492,0.0302791,-160.181282,0.00662249,41.006485
264,0.00619195,-158.636183,0.0295881,-160.707577,0.00633161,40.520428
265,0.00604064,-159.200625,0.0289258,-161.206978,0.00605665,40.066126
266,0.00589597,-159.737802,0.0282905,-161.681368,0.00579654,39.641674
267,0.00575754,-160.249531,0.0276806,-162.132471,0.00555028,39.245332
268,0.00562499,-160.737481,0.0270948,-162.561862,0.00531696,38.875511
269,0.00549797,-161.203183,0.0265318,-162.970989,0.00509572,38.530761
270,0.00537616,-161.648048,0.0259902,-163.361178,0.0048858,38.209756
271,0.00525927,-162.073372,0.025469,-163.733651,0.00468647,37.911283
272,0.00514702,-162.480355,0.0249671,-164.08953,0.00449706,37.634233
273,0.00503916,-162.870099,0.0244834,-164.42985,0.00431696,37.377591
274,0.00493544,-163.243628,0.0240171,-164.755565,0.0041456,37.140428
275,0.00483564,-163.601885,0.0235672,-165.067557,0.00398244,36.921894
276,0.00473955,-163.945748,0.0231328,-165.366641,0.003827,36.721212
277,0.00464697,-164.276029,0.0227133,-165.653572,0.00367883,36.537671
278,0.00455772,-164.593482,0.0223079,-165.929048,0.00353749,36.37062
279,0.00447164,-164.898808,0.0219158,-166.193719,0.0034026,36.219468
280,0.00438855,-165.192661,0.0215365,-166.448187,0.00327379,36.083672
281,0.00430831,-165.475649,0.0211693,-166.693011,0.00315071,35.962741
282,0.00423078,-165.748339,0.0208137,-166.928715,0.00303306,35.856228
283,0.00415583,-166.011261,0.0204692,-167.155782,0.00292053,35.763725
284,0.00408333,-166.264909,0.0201352,-167.374667,0.00281285,35.684869
285,0.00401317,-166.509748,0.0198112,-167.585792,0.00270976,35.619329
286,0.00394524,-166.746209,0.0194969,-167.789553,0.00261102,35.566811
287,0.00387943,-166.9747,0.0191918,-167.986319,0.0025164,35.527053
288,0.00381565,-167.195602,0.0188955,-168.176437,0.00242569,35.499822
289,0.00375381,-167.409273,0.0186075,-168.36023,0.00233869,35.484918
290,0.00369382,-167.616049,0.0183277,-168.538003,0.00225521,35.482165
291,0.0036356,-167.816246,0.0180556,-168.710041,0.00217508,35.491417
292,0.00357908,-168.010162,0.0177909,-168.876613,0.00209814,35.512551
293,0.00352418,-168.198078,0.0175333,-169.037971,0.00202422,35.545469
294,0.00347083,-168.380258,0.0172826,-169.194352,0.0019532,35.590098
295,0.00341897,-168.556951,0.0170384,-169.345979,0.00188492,35.646388
296,0.00336854,-168.728393,0.0168005,-169.493063,0.00181926,35.714309
297,0.00331948,-168.894808,0.0165687,-169.635804,0.0017561,35.793855
298,0.00327173,-169.056404,0.0163427,-169.774387,0.00169532,35.885042
299,0.00322525,-169.213382,0.0161224,-169.908991,0.00163682,35.987907
300,0.00317998,-169.36593,0.0159074,-170.039784,0.00158049,36.102506
301,0.00313587,-169.514228,0.0156977,-170.166922,0.00152623,36.22892
302,0.0030929,-169.658443,0.0154929,-170.290557,0.00147396,36.367246
303,0.003051,-169.798737,0.0152931,-170.410829,0.0014236,36.517606
304,0.00301014,-169.935264,0.0150978,-170.527875,0.00137505,36.680142
305,0.00297028,-170.068167,0.0149071,-170.641821,0.00132824,36.855015
306,0.00293139,-170.197584,0.0147208,-170.752788,0.00128309,37.042411
307,0.00289343,-170.323648,0.0145386,-170.860892,0.00123955,37.242536
308,0.00285637,-170.446481,0.0143605,-170.966241,0.00119753,37.455619
309,0.00282017,-170.566204,0.0141864,-171.06894,0.00115699,37.681909
310,0.00278481,-170.68293,0.014016,-171.169087,0.00111786,37.921682
311,0.00275026,-170.796765,0.0138493,-171.266776,0.00108008,38.175237
312,0.00271649,-170.907814,0.0136862,-171.362098,0.0010436,38.442895
313,0.00268347,-171.016174,0.0135265,-171.455136,0.00100837,38.725005
314,0.00265118,-171.121939,0.0133701,-171.545973,0.000974347,39.021942
315,0.0026196,-171.225198,0.013217,-171.634686,0.000941477,39.334105
316,0.0025887,-171.326037,0.013067,-171.721348,0.000909719,39.661924
317,0.00255846,-171.424538,0.01292,-171.806032,0.000879032,40.005857
318,0.00252885,-171.520778,0.012776,-171.888804,0.000849377,40.36639
319,0.00249987,-171.614834,0.0126348,-171.969728,0.000820716,40.744043
320,0.00247149,-171.706775,0.0124964,-172.048866,0.000793014,41.139364
321,0.00244368,-171.796671,0.0123607,-172.126278,0.000766235,41.552939
322,0.00241644,-171.884588,0.0122276,-172.202019,0.000740349,41.985383
323,0.00238975,-171.970589,0.012097,-172.276144,0.000715324,42.437351
324,0.00236359,-172.054733,0.0119689,-172.348705,0.00069113,42.909532
325,0.00233794,-172.137079,0.0118432,-172.419751,0.000667741,43.402653
326,0.00231279,-172.217683,0.0117198,-172.489329,0.000645128,43.917481
327,0.00228813,-172.296598,0.0115987,-172.557485,0.000623268,44.454823
328,0.00226394,-172.373875,0.0114798,-172.624263,0.000602136,45.015524
329,0.0022402,-172.449564,0.011363,-172.689706,0.000581708,45.600474
330,0.00221691,-172.523711,0.0112483,-172.753852,0.000561964,46.210604
331,0.00219405,-172.596363,0.0111357,-172.816741,0.000542882,46.846888
332,0.00217161,-172.667563,0.011025,-172.87841,0.000524443,47.510343
333,0.00214958,-172.737354,0.0109162,-172.938895,0.000506628,48.202027
334,0.00212795,-172.805775,0.0108093,-172.998231,0.000489419,48.923041
335,0.00210671,-172.872866,0.0107043,-173.056449,0.0004728,49.674527
336,0.00208584,-172.938665,0.010601,-173.113583,0.000456755,50.457664
337,0.00206533,-173.003207,0.0104994,-173.169662,0.000441268,51.27367
338,0.00204519,-173.066528,0.0103996,-173.224717,0.000426325,52.123792
339,0.00202539,-173.128662,0.0103014,-173.278775,0.000411912,53.009307
340,0.00200593,-173.18964,0.0102048,-173.331864,0.000398018,53.931512
341,0.00198681,-173.249495,0.0101098,-173.384011,0.000384629,54.891721
342,0.001968,-173.308256,0.0100163,-173.43524,0.000371734,55.891252
343,0.00194951,-173.365952,0.00992428,-173.485577,0.000359324,56.931418
344,0.00193132,-173.422612,0.00983375,-173.535045,0.000347387,58.013515
345,0.00191343,-173.478263,0.00974464,-173.583666,0.000335914,59.138807
346,0.00189584,-173.532931,0.00965692,-173.631464,0.000324897,60.308506
347,0.00187852,-173.586641,0.00957057,-173.678458,0.000314326,61.523755
348,0.00186149,-173.639419,0.00948554,-173.724671,0.000304195,62.785606
349,0.00184472,-173.691287,0.00940182,-173.770121,0.000294496,64.094992
350,0.00182822,-173.742269,0.00931936,-173.814828,0.000285221,65.452699
351,0.00181198,-173.792387,0.00923815,-173.858811,0.000276365,66.859339
352,0.00179599,-173.841662,0.00915815,-173.902087,0.000267921,68.315316
353,0.00178024,-173.890116,0.00907933,-173.944673,0.000259882,69.820789
354,0.00176474,-173.937767,0.00900168,-173.986587,0.000252244,71.37564
355,0.00174947,-173.984637,0.00892516,-174.027845,0.000244999,72.979437
356,0.00173443,-174.030743,0.00884975,-174.068463,0.000238144,74.631399
357,0.00171962,-174.076104,0.00877544,-174.108455,0.000231672,76.330365
358,0.00170502,-174.120737,0.00870218,-174.147837,0.000225577,78.074767
359,0.00169064,-174.16466,0.00862997,-174.186623,0.000219853,79.862605
360,0.00167647,-174.20789,0.00855878,-174.224826,0.000214495,81.691429
361,0.00166251,-174.250442,0.00848858,-174.262461,0.000209496,83.55834
362,0.00164875,-174.292332,0.00841937,-174.29954,0.000204849,85.459987
363,0.00163518,-174.333576,0.00835111,-174.336075,0.000200546,87.392584
364,0.00162181,-174.374187,0.00828379,-174.37208,0.00019658,89.351943
365,0.00160862,-174.414181,0.00821739,-174.407565,0.000192943,91.333506
366,0.00159563,-174.453571,0.0081519,-174.442543,0.000189625,93.332405
367,0.00158281,-174.49237,0.00808728,-174.477025,0.000186617,95.343523
368,0.00157016,-174.530592,0.00802354,-174.51102,0.000183909,97.361565
369,0.0015577,-174.56825,0.00796064,-174.544541,0.000181491,99.381142
370,0.0015454,-174.605355,0.00789857,-174.577598,0.00017935,101.396851
371,0.00153327,-174.64192,0.00783732,-174.610199,0.000177476,103.40336
372,0.0015213,-174.677956,0.00777687,-174.642355,0.000175857,105.395486
373,0.00150949,-174.713475,0.00771721,-174.674076,0.000174479,107.368278
374,0.00149784,-174.748488,0.00765831,-174.70537,0.00017333,109.317074
375,0.00148634,-174.783005,0.00760018,-174.736246,0.000172397,111.237566
376,0.00147499,-174.817036,0.00754278,-174.766713,0.000171668,113.125839
377,0.0014638,-174.850593,0.00748611,-174.796779,0.000171129,114.978406
378,0.00145274,-174.883684,0.00743016,-174.826452,0.000170769,116.792227
379,0.00144183,-174.91632,0.0073749,-174.855741,0.000170573,118.564715
380,0.00143106,-174.948509,0.00732034,-174.884653,0.00017053,120.293736
381,0.00142042,-174.980261,0.00726645,-174.913196,0.000170628,121.977592
382,0.00140992,-175.011584,0.00721322,-174.941376,0.000170856,123.615002
383,0.00139955,-175.042487,0.00716065,-174.969202,0.000171202,125.205079
384,0.00138931,-175.072979,0.00710871,-174.996679,0.000171656,126.747292
385,0.0013792,-175.103068,0.00705741,-175.023815,0.000172207,128.241439
386,0.00136921,-175.132761,0.00700672,-175.050616,0.000172846,129.687605
387,0.00135935,-175.162066,0.00695664,-175.07709,0.000173564,131.086134
388,0.0013496,-175.190991,0.00690715,-175.103241,0.000174353,132.437589
389,0.00133997,-175.219544,0.00685826,-175.129076,0.000175204,133.742718
390,0.00133046,-175.247731,0.00680993,-175.154601,0.00017611,135.002429
391,0.00132106,-175.275559,0.00676218,-175.179821,0.000177064,136.217755
392,0.00131178,-175.303035,0.00671497,-175.204743,0.00017806,137.38983
393,0.0013026,-175.330167,0.00666832,-175.229372,0.000179092,138.519868
394,0.00129354,-175.356959,0.00662221,-175.253714,0.000180154,139.609138
395,0.00128457,-175.383419,0.00657662,-175.277773,0.00018124,140.658949
396,0.00127572,-175.409553,0.00653155,-175.301554,0.000182347,141.670634
397,0.00126696,-175.435367,0.006487,-175.325063,0.00018347,142.645535
398,0.00125831,-175.460867,0.00644294,-175.348304,0.000184606,143.584993
399,0.00124976,-175.486057,0.00639939,-175.371283,0.000185749,144.490339
400,0.0012413,-175.510945,0.00635632,-175.394003,0.000186898,145.362886
