RPM,예시_운전석바닥_진동_1차,예시_운전석바닥_진동_2차,예시_운전석바닥_진동_4차,예시_운전자귀_소음_1차,예시_운전자귀_소음_2차,예시_운전자귀_소음_4차,예시_핸들_진동_1차,예시_핸들_진동_2차,예시_핸들_진동_4차
800,2.54655,2.39392,0.521892,6.47659,5.38121,3.16649,1.61826,1.34583,0.522043
1000,2.91535,3.67015,0.152551,7.21595,5.67787,1.71726,1.83546,1.78636,1.06039
1200,3.38261,0.396961,0.441263,8.31938,2.06128,0.761253,2.04539,0.207687,1.15085
1400,4.17635,0.646497,1.55479,9.90575,4.23385,1.48992,2.37,0.278534,2.35435
1600,5.79252,1.49661,0.925819,12.7255,9.17718,1.4224,3.16455,1.43575,0.761276
1800,9.97033,1.61384,0.576662,19.6095,12.4286,1.52674,5.08739,4.15739,0.361675
2000,8.95287,0.454902,0.557895,13.8653,5.02313,2.28079,4.31448,3.05634,1.02956
2200,2.88158,0.737644,0.591822,3.94406,2.95539,3.15303,1.36593,2.98567,2.20138
2400,0.987851,1.32607,0.251963,5.19762,2.2542,1.31419,0.514389,3.53174,1.36304
2600,0.947746,2.47854,0.164795,7.6062,2.61251,0.553159,0.35369,4.86705,0.969344
2800,1.65261,4.64809,0.170077,10.8794,4.57613,0.326046,0.69037,7.17715,0.830472
3000,2.51274,4.47601,0.215515,15.5123,5.47615,0.566615,1.61554,5.32241,0.834953
