RPM,차수,예시_운전석바닥_진동,예시_운전자귀_소음,예시_핸들_진동
800,1,2.54655,6.47659,1.61826
800,2,2.39392,5.38121,1.34583
800,4,0.521892,3.16649,0.522043
1000,1,2.91535,7.21595,1.83546
1000,2,3.67015,5.67787,1.78636
1000,4,0.152551,1.71726,1.06039
1200,1,3.38261,8.31938,2.04539
1200,2,0.396961,2.06128,0.207687
1200,4,0.441263,0.761253,1.15085
1400,1,4.17635,9.90575,2.37
1400,2,0.646497,4.23385,0.278534
1400,4,1.55479,1.48992,2.35435
1600,1,5.79252,12.7255,3.16455
1600,2,1.49661,9.17718,1.43575
1600,4,0.925819,1.4224,0.761276
1800,1,9.97033,19.6095,5.08739
1800,2,1.61384,12.4286,4.15739
1800,4,0.576662,1.52674,0.361675
2000,1,8.95287,13.8653,4.31448
2000,2,0.454902,5.02313,3.05634
2000,4,0.557895,2.28079,1.02956
2200,1,2.88158,3.94406,1.36593
2200,2,0.737644,2.95539,2.98567
2200,4,0.591822,3.15303,2.20138
2400,1,0.987851,5.19762,0.514389
2400,2,1.32607,2.2542,3.53174
2400,4,0.251963,1.31419,1.36304
2600,1,0.947746,7.6062,0.35369
2600,2,2.47854,2.61251,4.86705
2600,4,0.164795,0.553159,0.969344
2800,1,1.65261,10.8794,0.69037
2800,2,4.64809,4.57613,7.17715
2800,4,0.170077,0.326046,0.830472
3000,1,2.51274,15.5123,1.61554
3000,2,4.47601,5.47615,5.32241
3000,4,0.215515,0.566615,0.834953
